id,title,oldPrice,price,url,sales,stock,sorts
1,【买1送2】葡萄牙进口迷你导火索啤酒 200ml*24瓶,360,169.9,http://img.bphapp.com/public/attachment/201901/12/13/5c397db39c77a.jpg,3267,999,seckill
2,【年货秒杀】88元4箱 超级波克啤酒330ml*24罐,361,170.9,http://img.bphapp.com/public/attachment/201901/03/17/5c2dd51c8ea1b.jpg,3268,1000,seckill
3,【福利购】泰谷啤酒250ml*6罐 （每天限两单）,362,171.9,http://img.bphapp.com/public/attachment/201809/29/15/5baf244072b57.jpg,3269,1001,seckill
4,【APP推荐】（买1送2）葡萄牙进口阿尔寇黄啤酒1,363,172.9,http://img.bphapp.com/public/attachment/201804/16/16/5ad464245411a.jpg,3270,1002,times
5,【APP推荐】（买1送2）葡萄牙进口阿尔寇黄啤酒2,364,173.9,http://img.bphapp.com/public/attachment/201804/16/16/5ad464245411a.jpg,3271,1003,times
6,【APP推荐】（买1送2）葡萄牙进口阿尔寇黄啤酒3,365,174.9,http://img.bphapp.com/public/attachment/201804/16/16/5ad464245411a.jpg,3272,1004,times
7,【APP推荐】（买1送2）葡萄牙进口阿尔寇黄啤酒4,366,175.9,http://img.bphapp.com/public/attachment/201804/16/16/5ad464245411a.jpg,3273,1005,times
8,【APP推荐】（买1送2）葡萄牙进口阿尔寇黄啤酒5,367,176.9,http://img.bphapp.com/public/attachment/201804/16/16/5ad464245411a.jpg,3274,1006,times
9,【APP推荐】（买1送2）葡萄牙进口阿尔寇黄啤酒6,368,177.9,http://img.bphapp.com/public/attachment/201804/16/16/5ad464245411a.jpg,3275,1007,times
10,【APP推荐】（买1送2）葡萄牙进口阿尔寇黄啤酒7,369,178.9,http://img.bphapp.com/public/attachment/201804/16/16/5ad464245411a.jpg,3276,1008,times
11,【APP推荐】（买1送2）葡萄牙进口阿尔寇黄啤酒8,370,179.9,http://img.bphapp.com/public/attachment/201804/16/16/5ad464245411a.jpg,3277,1009,times
12,【APP推荐】（买1送2）葡萄牙进口阿尔寇黄啤酒9,371,180.9,http://img.bphapp.com/public/attachment/201804/16/16/5ad464245411a.jpg,3278,1010,times
13,【APP推荐】（买1送2）葡萄牙进口阿尔寇黄啤酒10,372,181.9,http://img.bphapp.com/public/attachment/201804/16/16/5ad464245411a.jpg,3279,1011,times
14,【APP推荐】（买1送2）葡萄牙进口阿尔寇黄啤酒11,373,182.9,http://img.bphapp.com/public/attachment/201804/16/16/5ad464245411a.jpg,3280,1012,times
15,小黄袍35° 阳光露黄酒1,374,183.9,http://img.bphapp.com/public/attachment/201812/19/14/5c19e3b9e22de.jpg,3281,1013,days
16,小黄袍35° 阳光露黄酒2,375,184.9,http://img.bphapp.com/public/attachment/201812/19/14/5c19e3b9e22de.jpg,3282,1014,days
17,小黄袍35° 阳光露黄酒3,376,185.9,http://img.bphapp.com/public/attachment/201812/19/14/5c19e3b9e22de.jpg,3283,1015,days
18,小黄袍35° 阳光露黄酒4,377,186.9,http://img.bphapp.com/public/attachment/201812/19/14/5c19e3b9e22de.jpg,3284,1016,days
19,小黄袍35° 阳光露黄酒5,378,187.9,http://img.bphapp.com/public/attachment/201812/19/14/5c19e3b9e22de.jpg,3285,1017,days
20,小黄袍35° 阳光露黄酒6,379,188.9,http://img.bphapp.com/public/attachment/201812/19/14/5c19e3b9e22de.jpg,3286,1018,days
21,小黄袍35° 阳光露黄酒7,380,189.9,http://img.bphapp.com/public/attachment/201812/19/14/5c19e3b9e22de.jpg,3287,1019,days
22,小黄袍35° 阳光露黄酒8,381,190.9,http://img.bphapp.com/public/attachment/201812/19/14/5c19e3b9e22de.jpg,3288,1020,days
23,小黄袍35° 阳光露黄酒9,382,191.9,http://img.bphapp.com/public/attachment/201812/19/14/5c19e3b9e22de.jpg,3289,1021,days
24,小黄袍35° 阳光露黄酒10,383,192.9,http://img.bphapp.com/public/attachment/201812/19/14/5c19e3b9e22de.jpg,3290,1022,days
25,小黄袍35° 阳光露黄酒11,384,193.9,http://img.bphapp.com/public/attachment/201812/19/14/5c19e3b9e22de.jpg,3291,1023,days
26,迷你泰谷啤酒1,385,194.9,http://img.bphapp.com/public/attachment/201808/07/11/5b690efaf124d.jpg,3292,1024,bk
27,迷你泰谷啤酒2,386,195.9,http://img.bphapp.com/public/attachment/201808/07/11/5b690efaf124d.jpg,3293,1025,bk
28,迷你泰谷啤酒3,387,196.9,http://img.bphapp.com/public/attachment/201808/07/11/5b690efaf124d.jpg,3294,1026,bk
29,迷你泰谷啤酒4,388,197.9,http://img.bphapp.com/public/attachment/201808/07/11/5b690efaf124d.jpg,3295,1027,bk
30,迷你泰谷啤酒5,389,198.9,http://img.bphapp.com/public/attachment/201808/07/11/5b690efaf124d.jpg,3296,1028,bk
31,迷你泰谷啤酒6,390,199.9,http://img.bphapp.com/public/attachment/201808/07/11/5b690efaf124d.jpg,3297,1029,bk
32,迷你泰谷啤酒7,391,200.9,http://img.bphapp.com/public/attachment/201808/07/11/5b690efaf124d.jpg,3298,1030,bk
33,迷你泰谷啤酒8,392,201.9,http://img.bphapp.com/public/attachment/201808/07/11/5b690efaf124d.jpg,3299,1031,bk
34,迷你泰谷啤酒9,393,202.9,http://img.bphapp.com/public/attachment/201808/07/11/5b690efaf124d.jpg,3300,1032,bk
35,迷你泰谷啤酒10,394,203.9,http://img.bphapp.com/public/attachment/201808/07/11/5b690efaf124d.jpg,3301,1033,bk
36,迷你泰谷啤酒11,395,204.9,http://img.bphapp.com/public/attachment/201808/07/11/5b690efaf124d.jpg,3302,1034,bk
37,迷你泰谷啤酒12,396,205.9,http://img.bphapp.com/public/attachment/201808/07/11/5b690efaf124d.jpg,3303,1035,bk
38,迷你泰谷啤酒13,397,206.9,http://img.bphapp.com/public/attachment/201808/07/11/5b690efaf124d.jpg,3304,1036,bk
39,迷你泰谷啤酒14,398,207.9,http://img.bphapp.com/public/attachment/201808/07/11/5b690efaf124d.jpg,3305,1037,bk
40,迷你泰谷啤酒15,399,208.9,http://img.bphapp.com/public/attachment/201808/07/11/5b690efaf124d.jpg,3306,1038,bk
41,迷你泰谷啤酒16,400,209.9,http://img.bphapp.com/public/attachment/201808/07/11/5b690efaf124d.jpg,3307,1039,bk
42,迷你泰谷啤酒17,401,210.9,http://img.bphapp.com/public/attachment/201808/07/11/5b690efaf124d.jpg,3308,1040,bk
43,迷你泰谷啤酒18,402,211.9,http://img.bphapp.com/public/attachment/201808/07/11/5b690efaf124d.jpg,3309,1041,bk
44,迷你泰谷啤酒19,403,212.9,http://img.bphapp.com/public/attachment/201808/07/11/5b690efaf124d.jpg,3310,1042,bk
45,迷你泰谷啤酒20,404,213.9,http://img.bphapp.com/public/attachment/201808/07/11/5b690efaf124d.jpg,3311,1043,bk
46,迷你泰谷啤酒21,405,214.9,http://img.bphapp.com/public/attachment/201808/07/11/5b690efaf124d.jpg,3312,1044,bk
47,迷你泰谷啤酒22,406,215.9,http://img.bphapp.com/public/attachment/201808/07/11/5b690efaf124d.jpg,3313,1045,bk
48,迷你泰谷啤酒23,407,216.9,http://img.bphapp.com/public/attachment/201808/07/11/5b690efaf124d.jpg,3314,1046,bk
49,迷你泰谷啤酒24,408,217.9,http://img.bphapp.com/public/attachment/201808/07/11/5b690efaf124d.jpg,3315,1047,bk
50,迷你泰谷啤酒25,409,218.9,http://img.bphapp.com/public/attachment/201808/07/11/5b690efaf124d.jpg,3316,1048,bk
